implementation,scenario,runs,block_size,drop_pct,send_copies,confirmed_mean,throughput_mean,throughput_sd,p95_mean,proposal_B_per_confirmed,leader_B_per_confirmed,reconstructed_mean,hash_failures,live_runs
baseline,b1-normal,3,1,0,1,144.0,7.197434666666667,0.0010548655522546937,2.0436666666666667,3153.3333333333335,3153.3333333333335,0.0,0.0,3
baseline,b16-normal,3,16,0,1,576.0,28.791030333333335,0.003557082559251079,2.0156666666666667,394.5833333333333,394.5833333333333,0.0,0.0,3
baseline,b64-normal,3,64,0,1,1152.0,57.58402866666667,0.0015940214344008314,2.0220000000000002,257.8125,257.8125,0.0,0.0,3
full-reproposal,b1-missing2,3,1,0,1,144.0,7.197788,0.00023265639900922898,2.028,20960.0,3493.3333333333335,800.0,0.0,3
full-reproposal,b1-missing3,3,1,0,1,144.0,7.194599666666667,0.005796091901732813,2.0486666666666666,15346.666666666666,3069.3333333333335,480.0,0.0,3
full-reproposal,b1-normal,3,1,0,1,144.0,7.197761666666667,0.0003126057154521494,2.0363333333333333,27946.666666666668,3493.3333333333335,1120.0,0.0,3
full-reproposal,b16-normal,3,16,0,1,576.0,28.791631,0.0015397194549658252,2.0163333333333333,2260.0,282.5,280.0,0.0,3
full-reproposal,b64-normal,3,64,0,1,1152.0,57.58159366666666,0.0054747776514970075,2.0203333333333333,985.0,123.125,140.0,0.0,3
full-reproposal,noise30-c1,3,1,30,1,108.33333333333333,5.414945333333334,1.8257335117164097,2.0493333333333332,20315.40923076923,3313.070769230769,651.3333333333334,0.0,3
full-reproposal,noise70-c3,3,1,70,3,125.66666666666667,6.281151,1.586895494555643,2.0573333333333332,61134.302387267904,10225.814323607427,717.3333333333334,0.0,3
full-reproposal,noise70-c5,3,1,70,5,144.0,7.197735,0.00023574350468261485,2.058,122705.0,17466.666666666668,1095.3333333333333,0.0,3
