mode,payload_bytes,batch,runs,confirmed_sum,throughput_mean,throughput_sd,mean_latency,p50_mean,p95_mean,hash_failures,all_alive_runs,continuous_runs,all_replicas_reconstructing_runs,unsafe_votes,reconstructed,leader_proposal_bytes_sum,leader_proposal_bytes_per_confirmed,reproposal_bytes_sum,reproposal_bytes_per_confirmed,leader_all_wire_bytes_sum,leader_all_wire_bytes_per_confirmed,cluster_all_wire_bytes_sum,cluster_all_wire_bytes_per_confirmed,client_body_bytes_sum,client_body_bytes_per_confirmed,client_all_wire_bytes_sum,client_all_wire_bytes_per_confirmed,end_to_end_bytes_sum,end_to_end_bytes_per_confirmed,rs_encode_us_mean,rs_decode_us_mean,rs_decode_verify_us_mean,cpu_seconds_mean,cpu_peak_percent_mean,replica_rss_peak_bytes_mean
baseline,1024,1,3,673,7.468197936006256,0.009487804733976623,2.0066631847458596,2.0038526853333334,2.0222606659999998,0,3,3,3,0,0,1829616,2718.597325408618,0,0.0,4342680,6452.719167904904,8641330,12840.01485884101,5208504,7739.233283803864,5274115,7836.723625557206,13915445,20676.738484398218,0.0,0.0,0.0,3.62,236.67403037832796,171989674.66666666
baseline,1024,16,3,2688,29.78369410709789,0.005027420024275898,2.0090007627756696,2.008321365,2.0155904293333333,0,3,3,3,0,0,971712,361.5,0,0.0,2338108,869.8318452380952,4752444,1768.0223214285713,20805120,7740.0,21067200,7837.5,25819644,9605.52232142857,0.0,0.0,0.0,1.4566666666666666,194.1510407525441,169144320.0
baseline,1024,64,3,5376,59.62356823311767,0.0884305584625601,2.0213787171223956,2.0209232966666666,2.0274875960000003,0,3,3,3,0,0,1312992,244.23214285714286,0,0.0,3179818,591.4840029761905,6522676,1213.295386904762,41610240,7740.0,42134400,7837.5,48657076,9050.795386904761,0.0,0.0,0.0,1.51,211.3077992493416,170384042.66666666
baseline,16384,1,3,676,7.498502799515917,0.06658725344398785,2.006871963589338,2.004215558333333,2.0212113856666667,0,3,3,3,0,0,1837248,2717.8224852071007,0,0.0,4365078,6457.215976331361,8677596,12836.68047337278,83074656,122891.50295857988,83140540,122988.96449704142,91818136,135825.6449704142,0.0,0.0,0.0,3.9433333333333334,280.51780244733277,171820373.33333334
baseline,16384,16,3,2688,29.780637008802568,0.010873985712246596,2.011619143809896,2.010703643,2.0183990003333334,0,3,3,3,0,0,971712,361.5,0,0.0,2337188,869.4895833333334,4752360,1767.9910714285713,330462720,122940.0,330724800,123037.5,335477160,124805.49107142857,0.0,0.0,0.0,1.6933333333333334,210.41812446826123,172229973.33333334
baseline,16384,64,3,5376,59.5756230210259,0.010770391856243896,2.0269531911391367,2.0267132919999997,2.034532388,0,3,3,3,0,0,1312992,244.23214285714286,0,0.0,3179790,591.4787946428571,6522704,1213.3005952380952,660925440,122940.0,661449600,123037.5,667972304,124250.80059523809,0.0,0.0,0.0,1.8666666666666667,213.92561917318486,172537173.33333334
baseline,65536,1,3,674,7.476247515145789,0.027219559897631293,2.006651513751304,2.0042274793333332,2.0226436456666668,0,3,3,3,0,0,1832160,2718.3382789317507,0,0.0,4350884,6455.317507418397,8650392,12834.409495548962,331259376,491482.7537091988,331325078,491580.23442136496,339975470,504414.64391691395,0.0,0.0,0.0,3.9000000000000004,257.13964544532007,174365354.66666666
baseline,65536,16,3,2688,29.799949544141636,0.025805299234751923,2.020740265109375,2.0194324653333333,2.033206622,0,3,3,3,0,0,971712,361.5,0,0.0,2338958,870.1480654761905,4752332,1767.9806547619048,1321367040,491580.0,1321629120,491677.5,1326381452,493445.4806547619,0.0,0.0,0.0,3.0000000000000004,232.95890605383548,175811242.66666666
baseline,65536,64,3,5376,59.623532290659824,0.06147113112262879,2.0607254461731768,2.057579279,2.0938763616666667,0,3,3,3,0,0,1312992,244.23214285714286,0,0.0,3179790,591.4787946428571,6522676,1213.295386904762,2642734080,491580.0,2643258240,491677.5,2649780916,492890.79538690473,0.0,0.0,0.0,4.07,253.63571314509846,180535296.0
full-broadcast,1024,1,3,684,7.590923584494637,0.21862826859678489,2.0041717242615014,2.001671632,2.019617955,0,3,3,3,0,5124,7264152,10620.105263157895,0,0.0,7954818,11629.850877192983,12098536,17687.918128654972,755424,1104.421052631579,962580,1407.280701754386,13061116,19095.198830409357,0.0,0.0,991374.6666666666,33.08666666666667,286.74208213762057,175408469.33333334
full-broadcast,1024,16,3,2720,30.184693504876027,0.5575272326248157,2.0060180537831998,2.005160967333333,2.0120979946666666,0,3,3,3,0,1274,19296492,7094.298529411764,0,0.0,19694468,7240.613235294118,22082072,8118.408823529412,3005184,1104.8470588235293,3829280,1407.8235294117646,25911352,9526.232352941177,0.0,0.0,246157.66666666666,31.42333333333333,220.63793822450583,174112768.0
full-broadcast,1024,64,3,5376,59.5418980164411,0.006813455805473496,2.0166958897269347,2.0154456296666665,2.0263055960000003,0,3,3,3,0,630,37222452,6923.819196428572,0,0.0,37775206,7026.638020833333,41091632,7643.5327380952385,5944320,1105.7142857142858,7574400,1408.9285714285713,48666032,9052.46130952381,0.0,0.0,143318.33333333334,31.45,217.1907448841603,178408106.66666666
full-broadcast,16384,1,3,672,7.460935914214443,0.00417432196348933,2.0050369611041665,2.002340317,2.019016107,0,3,3,3,0,5040,73500192,109375.28571428571,0,0.0,74179492,110386.14880952382,78255376,116451.45238095238,11802240,17562.85714285714,12006000,17866.071428571428,90261376,134317.52380952382,0.0,0.0,1115538.0,33.32333333333334,313.3884204439531,179082581.33333334
full-broadcast,16384,16,3,2688,29.773161974697654,0.006881621462302762,2.013687303108631,2.010403951,2.0363996823333332,0,3,3,3,0,1260,284505192,105842.70535714286,0,0.0,284898580,105989.05505952382,287258964,106867.17410714286,47208960,17562.85714285714,48024000,17866.071428571428,335282964,124733.24553571429,0.0,0.0,586557.0,32.126666666666665,237.35532114609515,204730368.0
full-broadcast,16384,64,3,5376,59.672587477118824,0.0761953630882776,2.046632865527716,2.040829340666667,2.078375737,0,3,3,3,0,630,568064052,105666.67633928571,0,0.0,568616806,105769.49516369047,571933260,106386.39508928571,94417920,17562.85714285714,96048000,17866.071428571428,667981260,124252.46651785714,0.0,0.0,842695.6666666666,32.84666666666667,249.90502340806674,284553216.0
full-broadcast,65536,1,3,672,7.464692390707627,0.001023300788938941,2.0065735323199405,2.003151337333333,2.029801607,0,3,3,3,0,5040,285836832,425352.4285714286,0,0.0,286516160,426363.3333333333,290592156,432428.8035714286,47191680,70225.71428571429,47395440,70528.92857142857,337987596,502957.73214285716,0.0,0.0,1437659.0,33.776666666666664,328.88706116381155,190713856.0
full-broadcast,65536,16,3,2688,29.80987808600621,0.024745319885427518,2.039381694761533,2.0326666036666667,2.0928230286666665,0,3,3,3,0,1260,1133851752,421819.84821428574,0,0.0,1134245154,421966.203125,1136605692,422844.37946428574,188766720,70225.71428571429,189581760,70528.92857142857,1326187452,493373.30803571426,0.0,0.0,1846032.3333333333,34.86,285.8986542227477,305216170.6666667
full-broadcast,65536,64,3,5376,59.6017771891184,0.09006651214568237,2.131059679730655,2.122263352,2.183660666,0,3,3,3,0,620,2266757172,421643.8191964286,0,0.0,2267309940,421746.640625,2270617842,422361.94977678574,377533440,70225.71428571429,379163520,70528.92857142857,2649781362,492890.87834821426,0.0,0.0,3589349.6666666665,39.54666666666667,372.2856757397562,607207424.0
strict,1024,1,3,686,7.602882791875849,0.01791336732658662,2.005914019120081,2.0022694270000003,2.0275227229999997,0,3,3,3,0,5138,3954588,5764.705539358601,27682116,40352.93877551021,8601776,12539.032069970846,36485116,53185.30029154519,757488,1104.2099125364432,965210,1407.0116618075801,37450326,54592.31195335277,1210.3333333333333,5521.0,959035.6666666666,5.58,309.61730626957484,174923776.0
strict,1024,16,3,2704,29.96267819794576,0.30182461733466015,2.0064064949213267,2.0051969686666666,2.015238523333333,0,3,3,3,0,1267,5697978,2107.2403846153848,39885846,14750.682692307691,11791624,4360.807692307692,48353714,17882.290680473372,2988672,1105.2781065088757,3808240,1408.3727810650887,52161954,19290.66346153846,2606.0,10512.666666666666,277407.0,2.123333333333333,214.5874621441539,173417813.33333334
strict,1024,64,3,5376,59.61380711491569,0.06870567067145564,2.018279572912016,2.016970237,2.0275486309999997,0,3,3,3,0,630,10382292,1931.2299107142858,72676044,13518.609375,21317296,3965.2708333333335,86927516,16169.552827380952,5944320,1105.7142857142858,7574400,1408.9285714285713,94501916,17578.481398809523,4525.333333333333,21109.333333333332,218893.33333333334,1.97,203.9247316800158,178924202.66666666
strict,16384,1,3,678,7.524392124390295,0.10190273426913705,2.0073381312744045,2.002989928,2.0316299596666667,0,3,3,3,0,5082,20638476,30440.230088495577,144469332,213081.61061946902,41961928,61890.749262536876,169902766,250594.0501474926,11900592,17552.495575221237,12106050,17855.53097345133,182008816,268449.58112094394,10288.333333333334,45093.666666666664,1215249.3333333333,6.206666666666666,314.89004616158843,179546794.66666666
strict,16384,16,3,2688,29.78365423941031,0.005930005294787879,2.011213381376116,2.0089937053333333,2.028163751,0,3,3,3,0,1260,72021672,26793.776785714286,504151704,187556.4375,144436746,53733.908482142855,578927288,215374.73511904763,47208960,17562.85714285714,48024000,17866.071428571428,626951288,233240.80654761905,33853.666666666664,136327.66666666666,1034622.6666666666,3.56,236.85219962042248,209446229.33333334
strict,16384,64,3,5376,59.60386771716947,0.10308696157099413,2.0330633515347842,2.031049013,2.0408148766666665,0,3,3,3,0,630,143092692,26616.944196428572,1001648844,186318.609375,286738082,53336.69680059524,1148610604,213655.2462797619,94417920,17562.85714285714,96048000,17866.071428571428,1244658604,231521.31770833334,64775.0,226058.0,1755268.6666666667,5.163333333333334,277.09482002778327,300485290.6666667
strict,65536,1,3,681,7.543101755982016,0.031119871024600596,2.0093258417968998,2.004163741666667,2.0414367513333334,0,3,3,3,0,5102,74471490,109356.07929515418,521300430,765492.5550660793,149630836,219722.2261380323,600586072,881917.8737151248,47781576,70163.84140969162,47987883,70466.78854625551,648573955,952384.6622613803,36934.333333333336,155089.33333333334,1855191.0,7.580000000000001,326.3064089474938,204567893.33333334
strict,65536,16,3,2688,29.805724609252678,0.009056229001147028,2.0365335370093005,2.029368320666667,2.0914649963333334,0,3,3,3,0,1260,284358312,105788.0625,1990508184,740516.4375,569109998,211722.46949404763,2277620296,847328.9791666666,188766720,70225.71428571429,189581760,70528.92857142857,2467202056,917857.9077380953,143071.66666666666,460212.0,3883915.0,10.016666666666667,323.73978733798634,314645162.6666667
strict,65536,64,3,5248,58.16143707129561,1.218307661891508,2.1378149472319845,2.126972277666667,2.1972939966666667,0,3,3,3,0,604,555148848,105782.93597560975,3860807688,735672.1966463415,1110841344,211669.46341463414,4419733216,842174.7743902439,369143808,70339.90243902439,370737664,70643.60975609756,4790470880,912818.3841463415,255991.66666666666,687125.6666666666,9121081.333333334,18.38,413.4417327935098,636657664.0
