mode,payload_bytes,batch,repeat,nfaulty,active,duration_s,confirmed,throughput,mean_latency,p50,p95,leader_proposal_bytes,reproposal_bytes,proposal_message_body_bytes,reproposal_message_body_bytes,leader_all_wire_bytes,cluster_all_wire_bytes,client_body_bytes,client_all_wire_bytes,end_to_end_bytes,bytes_per_confirmed,leader_proposal_bytes_per_confirmed,leader_all_wire_bytes_per_confirmed,reproposal_bytes_per_confirmed,cluster_all_wire_bytes_per_confirmed,client_body_bytes_per_confirmed,client_all_wire_bytes_per_confirmed,rs_encode_us,rs_decode_us,continuous_progress,last_confirmation_s,rs_decode_verify_us,cpu_seconds,cpu_peak_percent,replica_rss_peak_bytes,reconstructed,all_replicas_reconstructing,min_replica_reconstructions,hash_failures,unsafe_votes,follower_client_body_bytes,all_replicas_alive,unexpected_replica_exit_codes,replica_shutdown_exit_codes,client_exit
shadow,1024,16,1,2,0 1 2 3 4 5 6,20.05334,576,28.723395161805936,2.0088122631927083,2.00692296,2.021878958,1611600,11281200,1608480,11259360,3309000,13493400,4641280,4699520,18192920,31584.930555555555,2797.9166666666665,5744.791666666667,19585.416666666668,23426.041666666668,8057.777777777777,8158.888888888889,4293,9738,1,18.12291646003723,249873,1.65,227.05141944628596,173490176,280,1,40,0,0,3978240,1,{},"{""0"": 0, ""1"": 0, ""2"": 0, ""3"": 0, ""4"": 0, ""5"": 0, ""6"": 0}",0
shadow,1024,16,2,2,0 1 2 3 4 5 6,20.053911,576,28.72257706276472,2.0090425349739585,2.006607056,2.024790049,1611600,11281200,1608480,11259360,3309000,13493400,4641280,4699520,18192920,31584.930555555555,2797.9166666666665,5744.791666666667,19585.416666666668,23426.041666666668,8057.777777777777,8158.888888888889,3985,11418,1,18.122847318649292,222544,1.5899999999999999,207.3686801546935,172544000,280,1,40,0,0,3978240,1,{},"{""0"": 0, ""1"": 0, ""2"": 0, ""3"": 0, ""4"": 0, ""5"": 0, ""6"": 0}",0
shadow,1024,16,3,2,0 1 2 3 4 5 6,20.054553,576,28.72165710345458,2.009108890267361,2.007256031,2.017044067,1611600,11281200,1608480,11259360,3309000,13493400,4641280,4699520,18192920,31584.930555555555,2797.9166666666665,5744.791666666667,19585.416666666668,23426.041666666668,8057.777777777777,8158.888888888889,7616,13016,1,18.126077890396118,230428,1.5899999999999999,167.03649693445632,174342144,280,1,40,0,0,3978240,1,{},"{""0"": 0, ""1"": 0, ""2"": 0, ""3"": 0, ""4"": 0, ""5"": 0, ""6"": 0}",0
strict,1024,16,1,2,0 1 2 3 4 5 6,20.059123,576,28.715113225072358,2.0074929921944444,2.006001949,2.022293091,1611600,11281200,1608480,11259360,3309000,13493400,663040,844160,14337560,24891.597222222223,2797.9166666666665,5744.791666666667,19585.416666666668,23426.041666666668,1151.111111111111,1465.5555555555557,3415,11048,1,18.105419397354126,239763,1.5299999999999998,226.1067959608227,173924352,280,1,40,0,0,0,1,{},"{""0"": 0, ""1"": 0, ""2"": 0, ""3"": 0, ""4"": 0, ""5"": 0, ""6"": 0}",0
strict,1024,16,2,2,0 1 2 3 4 5 6,20.049151,576,28.729395824781314,2.007636335565972,2.005836964,2.021168947,1611600,11281200,1608480,11259360,3309000,13493400,663040,844160,14337560,24891.597222222223,2797.9166666666665,5744.791666666667,19585.416666666668,23426.041666666668,1151.111111111111,1465.5555555555557,3809,14281,1,18.10342311859131,249888,1.5299999999999998,217.4687571776836,173334528,280,1,40,0,0,0,1,{},"{""0"": 0, ""1"": 0, ""2"": 0, ""3"": 0, ""4"": 0, ""5"": 0, ""6"": 0}",0
strict,1024,16,3,2,0 1 2 3 4 5 6,20.06061,576,28.712984825721193,2.0071852894375,2.005855799,2.017802,1611600,11281200,1608480,11259360,3309000,13493400,663040,844160,14337560,24891.597222222223,2797.9166666666665,5744.791666666667,19585.416666666668,23426.041666666668,1151.111111111111,1465.5555555555557,4008,12089,1,18.101614475250244,219918,1.5099999999999998,197.75733296564584,173379584,280,1,40,0,0,0,1,{},"{""0"": 0, ""1"": 0, ""2"": 0, ""3"": 0, ""4"": 0, ""5"": 0, ""6"": 0}",0
strict,1024,16,1,2,0 3 4 5 6,20.029991,576,28.756877629901567,2.0071778901631943,2.00577879,2.014840126,1611600,8058000,1608480,8042400,3308736,10097280,663040,844160,10941440,18995.555555555555,2797.9166666666665,5744.333333333333,13989.583333333334,17530.0,1151.111111111111,1465.5555555555557,3625,13758,1,18.096536874771118,145972,0.98,158.99396252479764,127418368,200,1,40,0,0,0,1,{},"{""0"": 0, ""3"": 0, ""4"": 0, ""5"": 0, ""6"": 0}",0
strict,1024,16,2,2,0 3 4 5 6,20.016825,576,28.77579278588414,2.006833229203125,2.0057621,2.016074896,1611600,8058000,1608480,8042400,3308736,10097280,663040,844160,10941440,18995.555555555555,2797.9166666666665,5744.333333333333,13989.583333333334,17530.0,1151.111111111111,1465.5555555555557,4465,14824,1,18.094213724136353,144724,1.02,152.2032794535226,127852544,200,1,40,0,0,0,1,{},"{""0"": 0, ""3"": 0, ""4"": 0, ""5"": 0, ""6"": 0}",0
strict,1024,16,3,2,0 3 4 5 6,20.026948,576,28.761247084174155,2.0066560779878473,2.005886078,2.015184879,1611600,8058000,1608480,8042400,3308736,10097280,663040,844160,10941440,18995.555555555555,2797.9166666666665,5744.333333333333,13989.583333333334,17530.0,1151.111111111111,1465.5555555555557,3203,14430,1,18.091973066329956,149233,0.99,120.84789298712778,127606784,200,1,40,0,0,0,1,{},"{""0"": 0, ""3"": 0, ""4"": 0, ""5"": 0, ""6"": 0}",0
strict,1024,16,1,3,0 4 5 6,20.020607,576,28.770356287899588,2.0075287326284723,2.006798983,2.012953043,1266384,5065536,1263264,5053056,2618172,6673536,663040,844160,7517696,13051.555555555555,2198.5833333333335,4545.4375,8794.333333333334,11586.0,1151.111111111111,1465.5555555555557,2605,16002,1,18.096916675567627,99940,0.77,98.98945231747386,101220352,160,1,40,0,0,0,1,{},"{""0"": 0, ""4"": 0, ""5"": 0, ""6"": 0}",0
strict,1024,16,2,3,0 4 5 6,20.019478,576,28.771979272930956,2.0080463050260415,2.006977081,2.015254021,1266384,5065536,1263264,5053056,2618172,6673536,663040,844160,7517696,13051.555555555555,2198.5833333333335,4545.4375,8794.333333333334,11586.0,1151.111111111111,1465.5555555555557,3043,15623,1,18.10563826560974,97310,0.79,98.94745632808305,101752832,160,1,40,0,0,0,1,{},"{""0"": 0, ""4"": 0, ""5"": 0, ""6"": 0}",0
strict,1024,16,3,3,0 4 5 6,20.017493,576,28.774831738051216,2.0078294637239584,2.006835938,2.017061949,1266384,5065536,1263264,5053056,2618172,6673536,663040,844160,7517696,13051.555555555555,2198.5833333333335,4545.4375,8794.333333333334,11586.0,1151.111111111111,1465.5555555555557,2680,15382,1,18.102008819580078,101803,0.79,89.343009922255,100425728,160,1,40,0,0,0,1,{},"{""0"": 0, ""4"": 0, ""5"": 0, ""6"": 0}",0
full-broadcast,1024,16,1,2,0 1 2 3 4 5 6,20.075913,592,29.488074051739112,2.0076200116283784,2.006361961,2.016579151,4377618,0,4374420,0,4465684,4994080,679616,865264,5859344,9897.54054054054,7394.625,7543.385135135135,0.0,8435.945945945947,1148.0,1461.5945945945946,0,0,1,20.068756341934204,202509,21.160000000000007,237.91644200116642,173056000,287,1,41,0,0,0,1,{},"{""0"": 0, ""1"": 0, ""2"": 0, ""3"": 0, ""4"": 0, ""5"": 0, ""6"": 0}",0
full-broadcast,1024,16,2,2,0 1 2 3 4 5 6,20.075917,592,29.488067580082177,2.0070135299611485,2.00617218,2.013069868,4377618,0,4374420,0,4467092,4995488,679616,865264,5860752,9899.918918918918,7394.625,7545.763513513513,0.0,8438.324324324325,1148.0,1461.5945945945946,0,0,1,20.061477661132812,208015,21.120000000000005,197.7365121229206,172756992,287,1,41,0,0,0,1,{},"{""0"": 0, ""1"": 0, ""2"": 0, ""3"": 0, ""4"": 0, ""5"": 0, ""6"": 0}",0
full-broadcast,1024,16,3,2,0 1 2 3 4 5 6,20.059154,592,29.512710161240083,2.005838736491554,2.004991055,2.011018991,4377618,0,4374420,0,4465684,4994080,679616,865264,5859344,9897.54054054054,7394.625,7543.385135135135,0.0,8435.945945945947,1148.0,1461.5945945945946,0,0,1,20.058471202850342,205105,21.07,216.86771240072378,173244416,287,1,41,0,0,0,1,{},"{""0"": 0, ""1"": 0, ""2"": 0, ""3"": 0, ""4"": 0, ""5"": 0, ""6"": 0}",0
strict,1024,16,1,2,0 6,10.090427,0,0.0,0,0,0,38418,76836,38340,76680,76968,115518,66304,84416,199934,0,0,0,0,0,0,0,80,0,0,0,0,0.07,49.60179825161943,49049600,0,0,0,0,0,0,1,{},"{""0"": 0, ""6"": 0}",0
